Product Name, Rating, Price
Apple iPhone XR (Black, 64 GB) (Includes EarPods, Power Adapter),₹52,500,4.6
Apple iPhone XR (Black, 128 GB) (Includes EarPods, Power Adapter),₹57,800,4.6
Apple iPhone XR (White, 64 GB) (Includes EarPods, Power Adapter),₹52,500,4.6
Apple iPhone SE (Black, 64 GB) (Includes EarPods, Power Adapter),₹42,500,4.6
Apple iPhone XR ((PRODUCT)RED, 64 GB) (Includes EarPods, Power Adapter),₹52,500,4.6
Apple iPhone SE (White, 64 GB) (Includes EarPods, Power Adapter),₹42,500,4.6
Apple iPhone XR (White, 128 GB) (Includes EarPods, Power Adapter),₹57,800,4.6
Apple iPhone SE (Red, 64 GB) (Includes EarPods, Power Adapter),₹42,500,4.6
Apple iPhone XR (Coral, 64 GB) (Includes EarPods, Power Adapter),₹52,500,4.6
Apple iPhone XR (Blue, 64 GB) (Includes EarPods, Power Adapter),₹52,500,4.6
Apple iPhone XR ((PRODUCT)RED, 128 GB) (Includes EarPods, Power Adapter),₹57,800,4.6
Apple iPhone SE (Black, 128 GB) (Includes EarPods, Power Adapter),₹47,800,4.6
Apple iPhone SE (White, 128 GB) (Includes EarPods, Power Adapter),₹47,800,4.6
Apple iPhone SE (Red, 128 GB) (Includes EarPods, Power Adapter),₹47,800,4.6
Apple iPhone 11 Pro (Midnight Green, 64 GB),₹1,06,600,4.7
Apple iPhone XR (Blue, 128 GB) (Includes EarPods, Power Adapter),₹57,800,4.6
Apple iPhone XR (Coral, 128 GB) (Includes EarPods, Power Adapter),₹57,800,4.6
Apple iPhone 11 Pro (Midnight Green, 256 GB),₹1,21,300,4.7
Apple iPhone SE (Black, 256 GB) (Includes EarPods, Power Adapter),₹58,300,4.6
Apple iPhone 11 Pro (Space Grey, 64 GB),₹1,06,600,4.7
Apple iPhone SE (Red, 256 GB) (Includes EarPods, Power Adapter),₹58,300,4.6
Apple iPhone SE (White, 256 GB) (Includes EarPods, Power Adapter),₹58,300,4.6
Apple iPhone 11 Pro (Midnight Green, 512 GB),₹1,40,300,4.7
Apple iPhone 11 Pro (Silver, 64 GB),₹1,06,600,4.7
